{"spot_diameter_fullres": 134.60674999999998, "tissue_hires_scalef": 0.11415525, "fiducial_diameter_fullres": 217.44167999999996, "tissue_lowres_scalef": 0.034246575}